word,count
br,104606
like,44561
product,35007
taste,32120
just,28111
food,22825
coffee,22675
good,21665
flavor,20543
amazon,16708
don,16660
tea,16332
buy,15040
really,14489
tried,12048
dog,11962
box,11899
time,11700
bought,11247
did,11136
eat,10751
bad,10593
better,10355
try,10246
ve,10140
bag,9882
water,9780
got,9598
little,9167
make,9065
thought,9015
didn,8960
know,8931
love,8929
great,8905
way,8758
chocolate,8694
use,8643
sugar,8590
cup,8577
price,8355
used,8304
order,8149
think,8013
ordered,7990
tastes,7962
money,7743
ingredients,7634
disappointed,7281
products,7259
brand,7085
does,6819
old,6604
stuff,6571
tasted,6509
away,6490
drink,6464
cat,6238
sweet,6194
store,6139
received,6103
want,6100
different,6089
dogs,6046
reviews,5968
eating,5961
doesn,5873
free,5822
say,5809
package,5786
sure,5714
quality,5678
company,5609
pack,5604
day,5573
new,5520
bags,5508
purchased,5481
ll,5425
going,5339
buying,5283
smell,5242
thing,5234
people,5196
maybe,5166
hard,5111
item,5007
small,4985
recommend,4862
real,4854
best,4796
flavors,4776
chips,4752
chicken,4735
looking,4672
organic,4664
said,4651
won,4638
cups,4634
diet,4598
treats,4591
years,4579
actually,4486
purchase,4485
cats,4449
lot,4346
hot,4327
green,4324
natural,4246
high,4242
oil,4231
mix,4187
opened,4168
review,4140
salt,4136
using,4102
work,4052
trying,4027
cookies,3958
dry,3920
read,3909
instead,3869
bottle,3863
bit,3848
milk,3839
half,3832
waste,3826
texture,3813
look,3803
problem,3793
right,3791
corn,3790
gave,3744
shipping,3732
wanted,3704
case,3695
boxes,3694
kind,3693
strong,3677
packaging,3669
pretty,3652
things,3633
big,3628
took,3612
regular,3590
worth,3560
long,3530
12,3525
bitter,3499
days,3440
came,3432
cans,3421
10,3400
wasn,3371
local,3357
feel,3294
far,3290
awful,3287
horrible,3238
tasting,3236
size,3203
coconut,3199
went,3191
foods,3179
fine,3162
bars,3160
times,3157
healthy,3156
return,3154
expensive,3140
unfortunately,3127
couldn,3120
probably,3097
getting,3092
wouldn,3067
need,3065
makes,3055
arrived,3053
plastic,3053
isn,3031
com,3024
formula,3013
terrible,3010
candy,2994
treat,2986
jerky,2961
worst,2935
date,2932
flavored,2932
year,2923
stale,2906
sauce,2902
ingredient,2888
months,2885
guess,2877
come,2867
artificial,2843
oz,2834
fresh,2831
mouth,2808
rice,2789
quite,2781
low,2772
wrong,2758
pieces,2753
meat,2727
having,2724
add,2705
decided,2703
fact,2688
vanilla,2676
syrup,2673
butter,2672
gluten,2650
says,2648
second,2647
nice,2642
usually,2630
left,2622
china,2606
definitely,2605
added,2591
weak,2590
stars,2587
let,2578
cost,2563
dark,2556
save,2553
fruit,2545
baby,2536
label,2534
health,2533
fat,2532
star,2510
ones,2504
grocery,2503
looked,2499
beans,2494
aftertaste,2492
enjoy,2492
open,2487
description,2484
started,2477
black,2468
ok,2461
white,2443
cheap,2443
ago,2414
stick,2408
brands,2399
care,2368
drinking,2365
cheese,2357
believe,2323
bar,2323
color,2299
large,2298
weeks,2286
list,2265
protein,2261
making,2241
juice,2234
excited,2233
end,2226
pet,2219
blend,2212
feed,2207
powder,2198
minutes,2189
favorite,2183
called,2171
rest,2168
house,2167
idea,2165
cereal,2163
pay,2163
thinking,2160
50,2157
loved,2157
threw,2153
original,2151
wish,2130
sent,2125
inside,2124
popcorn,2108
customer,2096
told,2092
couple,2083
completely,2079
feeding,2071
reason,2059
past,2055
ounce,2054
happy,2051
comes,2046
changed,2034
light,2029
batch,2025
looks,2021
www,2002
later,1991
http,1989
hours,1983
ate,1983
soup,1979
peanut,1970
absolutely,1958
picture,1952
dried,1945
calories,1942
variety,1941
week,1941
items,1940
saw,1940
contains,1940
month,1936
ordering,1933
based,1932
unless,1919
noticed,1918
gp,1917
expected,1913
vet,1908
giving,1908
able,1907
experience,1887
non,1883
href,1879
roast,1879
cookie,1871
beef,1871
throw,1864
red,1863
brown,1844
morning,1833
home,1827
longer,1826
worse,1822
nasty,1821
smells,1810
liked,1806
honey,1792
total,1792
100,1790
extra,1789
cheaper,1789
bland,1789
tell,1788
change,1787
salty,1786
hoping,1784
keurig,1783
version,1771
seller,1761
refund,1758
chew,1744
tasty,1731
family,1723
broken,1719
disappointing,1715
extremely,1715
science,1714
type,1709
loves,1708
deal,1699
help,1694
supposed,1693
poor,1686
stuck,1686
avoid,1683
gift,1683
snack,1673
20,1672
reading,1671
bite,1668
ginger,1665
machine,1664
online,1660
leaves,1653
service,1648
24,1648
available,1646
sorry,1639
fan,1635
sick,1631
especially,1627
blue,1624
listed,1623
ended,1622
twice,1618
disgusting,1617
ground,1613
packages,1604
cream,1598
single,1597
problems,1596
pods,1585
today,1581
teas,1573
starbucks,1569
entire,1569
container,1566
expiration,1563
hair,1554
mixed,1553
paid,1539
chemical,1538
soy,1532
meal,1527
given,1521
plus,1518
cinnamon,1516
hope,1514
close,1512
garbage,1502
similar,1498
husband,1496
purchasing,1495
serving,1494
life,1493
plain,1491
delicious,1486
felt,1479
market,1478
weight,1477
recipe,1470
huge,1466
contain,1464
bean,1460
bowl,1458
smelled,1457
recently,1454
expect,1450
bottles,1447
gross,1447
website,1443
point,1442
kids,1438
line,1435
30,1435
packs,1433
00,1431
wheat,1426
simply,1424
sell,1423
easy,1417
sour,1416
sodium,1408
energy,1406
mistake,1406
finally,1404
disappointment,1400
stomach,1400
wellness,1400
shipped,1397
instant,1397
yes,1394
jar,1390
immediately,1380
cocoa,1379
canned,1377
anymore,1376
cut,1374
soda,1370
difference,1369
gum,1366
beware,1360
shipment,1354
flour,1351
orange,1349
lemon,1347
wonderful,1343
nuts,1340
opinion,1340
expecting,1338
piece,1332
gone,1328
soft,1323
tiny,1320
mess,1316
stores,1316
soon,1307
true,1305
15,1304
grain,1304
sweetener,1300
send,1295
basically,1295
issue,1293
prefer,1292
weird,1290
liquid,1288
french,1287
son,1285
bold,1284
sold,1280
okay,1279
smaller,1277
potato,1274
check,1272
start,1270
totally,1266
noodles,1255
cake,1250
matter,1238
bread,1237
place,1235
normal,1234
apple,1233
eaten,1229
certainly,1228
loose,1227
pound,1226
brew,1224
finish,1222
hungry,1220
mind,1215
figured,1214
stay,1211
quickly,1208
chai,1205
choice,1199
recommended,1197
doing,1195
actual,1186
toy,1175
count,1173
pepper,1172
slightly,1172
touch,1169
cause,1165
needs,1165
saying,1163
research,1157
throwing,1156
aroma,1152
understand,1151
exactly,1151
coffees,1149
adding,1147
teeth,1146
aren,1142
stevia,1139
mountain,1139
raw,1138
packaged,1137
normally,1134
fish,1133
compared,1128
99,1126
sticks,1126
decaf,1123
spice,1122
seeds,1122
super,1120
daughter,1119
trash,1118
packets,1113
sale,1109
flavoring,1108
spicy,1106
paper,1104
clear,1101
acid,1099
drinks,1097
information,1095
ball,1094
cardboard,1093
pasta,1092
happened,1089
number,1088
stop,1084
reviewers,1083
decent,1079
course,1079
brewed,1078
nearly,1078
leave,1077
turned,1076
sort,1075
diarrhea,1073
16,1073
barely,1073
hate,1071
special,1060
taking,1059
11,1057
breakfast,1055
strange,1048
note,1046
imagine,1045
25,1042
oh,1039
easily,1037
eats,1037
gets,1036
lots,1036
crackers,1034
clean,1032
dont,1030
consistency,1028
caramel,1028
burnt,1028
likes,1028
chewy,1026
receive,1025
value,1022
glass,1012
positive,1011
stopped,1009
seen,1005
body,1004
haven,1000
particular,998
notice,996
pure,995
surprised,994
salmon,993
wife,992
live,991
sitting,985
mean,982
bone,982
yuck,978
asked,977
known,975
short,974
person,972
content,971
night,969
chip,965
overall,965
including,963
medium,957
yellow,954
excellent,953
means,953
grams,952
tasteless,949
friend,947
perfect,946
manufacturer,945
result,941
stock,940
site,939
unpleasant,938
hand,935
pop,932
enjoyed,932
alternative,932
returned,931
espresso,931
results,929
followed,926
zero,926
hint,925
licorice,922
dented,921
highly,917
needed,916
rancid,913
chewing,913
msg,912
goes,910
wonder,910
brewing,910
reviewer,909
pumpkin,909
vitamin,903
cooked,902
outside,902
friends,902
rating,902
premium,901
selling,900
vinegar,896
extract,895
dollars,895
issues,892
sealed,890
odd,890
update,887
fed,886
grounds,886
caffeine,885
works,882
servings,881
opening,880
clearly,879
figure,879
cooking,878
shame,876
larger,874
crunchy,873
puppy,873
packet,872
lost,871
control,870
run,869
calorie,865
difficult,860
kettle,857
putting,856
directions,856
seriously,855
consider,854
truly,851
wet,851
percent,851
realize,850
ounces,849
watery,847
nutrition,845
jars,845
double,845
ice,844
stash,844
vitamins,843
air,842
obviously,841
fructose,840
fiber,840
packed,838
literally,838
40,838
canidae,836
bunch,836
mention,834
roasted,833
safe,832
bones,832
fast,831
pot,831
snacks,830
sad,830
replacement,828
higher,825
gas,824
hazelnut,824
process,824
instructions,823
agree,823
chance,823
contacted,823
suggest,819
ship,818
maker,816
earth,815
heard,813
lower,812
blood,812
break,811
possible,810
chemicals,807
amazing,804
crazy,803
switched,802
hour,801
rich,801
nutritional,799
oatmeal,798
checked,798
newman,797
switch,796
edible,794
bacon,794
fda,793
melted,792
states,791
set,790
somewhat,789
misleading,788
general,788
spices,787
near,787
usa,785
companies,784
almond,784
processed,783
tuna,782
coming,781
world,781
almonds,781
supermarket,780
kitchen,780
mild,779
bulk,779
damaged,777
garlic,777
stated,776
vendor,775
christmas,774
shop,773
nut,773
honestly,773
delivery,772
paying,772
form,771
knew,769
test,767
contact,764
fake,763
costs,760
customers,754
wasted,753
splenda,753
plant,752
raspberry,751
bits,750
advertised,749
apparently,749
18,748
pets,748
contents,748
cherry,747
peanuts,746
animal,746
daily,746
turkey,746
rate,744
cases,742
gotten,742
kept,742
mentioned,742
began,741
aware,740
realized,739
previous,739
funny,738
risk,738
floor,738
forward,737
picky,734
filled,733
heavy,733
flat,732
sip,730
glad,730
heat,721
buyer,720
expired,720
cold,720
luck,718
search,718
sadly,715
spend,715
fair,715
likely,714
skin,710
odor,706
despite,706
thanks,704
lb,704
rip,702
source,701
email,701
future,699
takes,698
crap,697
liver,697
chews,694
dinner,693
2012,693
quick,692
hopes,690
remember,689
working,689
hold,688
sweeteners,688
spent,688
sweetness,685
warning,685
bother,684
discovered,683
worked,681
cook,680
lack,680
middle,678
chunks,678
jelly,678
junk,677
lime,675
strawberry,673
negative,672
thank,670
seasoning,669
sticky,669
pod,667
2011,665
trust,665
main,664
response,663
human,663
drank,663
subscribe,662
feeling,661
write,660
word,660
sample,659
zico,658
picked,657
caused,657
smooth,653
fit,653
weren,651
mother,650
substitute,650
chili,650
mango,649
granola,649
apart,649
pleasant,648
mold,648
healthier,647
baking,645
pass,645
careful,644
oils,643
carb,641
priced,641
usual,641
continue,641
effect,640
children,639
addition,637
costco,637
impressed,637
offered,637
stand,637
included,636
litter,635
contained,634
compare,632
claims,631
remaining,630
varieties,630
individual,630
mail,630
dust,628
pick,627
effects,626
wrapped,626
kinds,626
shelf,625
allergic,623
shows,620
iced,619
turn,618
shouldn,617
kibble,616
containers,614
spit,613
interested,613
filling,612
sucralose,610
various,609
doubt,609
greasy,607
broke,607
style,606
pounds,606
business,605
sweetened,604
wait,604
placed,604
upset,603
page,603
14,603
seal,601
covered,600
yeast,600
reaction,597
baked,597
face,596
grains,596
personally,596
considering,595
bring,595
properly,595
complete,595
according,594
gives,594
major,593
overpriced,592
delivered,592
nature,591
popped,591
hardly,591
tree,590
running,589
taken,587
olive,586
standard,586
types,585
learned,583
basket,583
uses,582
prices,582
post,581
mixing,581
